,Name of the journal,Number of publication
0,Journal of Polymers and the Environment,194
1,Polymer Degradation and Stability,174
2,Journal of Applied Polymer Science,148
3,Science of the Total Environment,136
4,Journal of Hazardous Materials,94
5,Chemosphere,85
6,Bioresource Technology,82
7,Polymer Composites,77
8,International Biodeterioration and Biodegradation,68
9,Waste Management,61
10,Biomaterials,61
11,Environmental Science and Technology,52
12,Industrial Crops and Products,51
13,Biomacromolecules,47
14,Carbohydrate Polymers,43
15,Environmental Science and Pollution Research,42
16,International Journal of Biological Macromolecules,42
17,Journal of Environmental Polymer Degradation,41
18,Environmental Pollution,40
19,Applied Microbiology and Biotechnology,40
20,Polymer Engineering and Science,39
21,Polymers,39
22,Marine Pollution Bulletin,36
23,Water Research,34
24,Applied and Environmental Microbiology,32
25,Journal of Biomedical Materials Research,32
26,Journal of Biomedical Materials Research - Part A,30
27,Polymer,28
28,Polymer Testing,28
29,Macromolecules,25
30,Sustainability (Switzerland),24
31,Journal of Environmental Management,20
32,Journal of Materials Science: Materials in Medicine,20
33,Waste Management and Research,19
34,PLoS ONE,19
35,Polymer International,19
36,Water Science and Technology,19
37,Frontiers in Microbiology,19
38,Environmental Technology (United Kingdom),18
39,European Polymer Journal,18
40,International Journal of Molecular Sciences,18
41,Acta Biomaterialia,17
42,Biodegradation,17
43,Journal of Polymer Research,17
44,Macromolecular Bioscience,17
45,Polimery/Polymers,16
46,Nature Communications,16
47,,16
48,Scientific Reports,15
49,Journal of Bioscience and Bioengineering,15
50,Ecotoxicology and Environmental Safety,14
51,Materials Science and Engineering C,13
52,ACS Applied Materials and Interfaces,13
53,BioResources,13
54,International Journal of Environmental Science and Technology,13
55,Kobunshi Ronbunshu,13
56,Polymers for Advanced Technologies,13
57,ACS Sustainable Chemistry and Engineering,13
58,Journal of Environmental Chemical Engineering,12
59,Journal of Cleaner Production,12
60,Journal of Biotechnology,12
61,International Journal of Environmental Research and Public Health,12
62,Nongye Gongcheng Xuebao/Transactions of the Chinese Society of Agricultural Engineering,11
63,Materials,11
64,Scientia Horticulturae,11
65,"Resources, Conservation and Recycling",11
66,Polymer Bulletin,11
67,"Water, Air, and Soil Pollution",11
68,Kunststoffe Plast Europe,11
69,Chemical Engineering Journal,10
70,Journal of the Mechanical Behavior of Biomedical Materials,10
71,Environmental Research,10
72,Journal of Thermal Analysis and Calorimetry,10
73,Green Chemistry,10
74,Journal of Vinyl and Additive Technology,10
75,Biotechnology and Bioengineering,10
76,Plastic and Reconstructive Surgery,10
77,"Journal of Polymer Science, Part A: Polymer Chemistry",10
78,Polymer Journal,10
79,3 Biotech,9
80,Iranian Polymer Journal (English Edition),9
81,New Biotechnology,9
82,Journal of Ecological Engineering,9
83,Journal of Applied Microbiology,9
84,Journal of Biomedical Materials Research - Part B Applied Biomaterials,9
85,Biochemical Engineering Journal,9
86,Composites Science and Technology,9
87,"Zairyo/Journal of the Society of Materials Science, Japan",9
88,Clinical Materials,9
89,Agricultural Water Management,8
90,Materials and Design,8
91,Radiation Physics and Chemistry,8
92,International Journal of Phytoremediation,8
93,Journal of Materials Science,8
94,Polimeros,8
95,RSC Advances,8
96,World Journal of Microbiology and Biotechnology,8
97,Environmental Microbiology,8
98,Composites Part B: Engineering,8
99,"Journal of Biomaterials Science, Polymer Edition",8
100,ACS Symposium Series,8
101,Research Journal of Chemistry and Environment,8
102,Journal of Natural Fibers,8
103,Macromolecular Symposia,8
104,Enzyme and Microbial Technology,8
105,Journal of Environmental Quality,8
106,Industrial and Engineering Chemistry Research,8
107,Starch/Staerke,8
108,Archives of Microbiology,8
109,Molecules,8
110,Microbial Biotechnology,7
111,Environmental Toxicology and Chemistry,7
112,HortScience,7
113,Water Environment Research,7
114,Journal of Composite Materials,7
115,Applied Biochemistry and Biotechnology,7
116,Journal of Agricultural and Food Chemistry,7
117,Journal of Bioactive and Compatible Polymers,7
118,Gaofenzi Cailiao Kexue Yu Gongcheng/Polymeric Materials Science and Engineering,7
119,Journal of Cellular Plastics,7
120,Nature Environment and Pollution Technology,7
121,Biotechnology Letters,7
122,Bulletin of Environmental Contamination and Toxicology,7
123,Frontiers in Bioengineering and Biotechnology,7
124,ACS Applied Polymer Materials,7
125,ACS Catalysis,7
126,Microorganisms,7
127,Fresenius Environmental Bulletin,6
128,"Asian Journal of Microbiology, Biotechnology and Environmental Sciences",6
129,Journal of Biomaterials Applications,6
130,Environmental Monitoring and Assessment,6
131,Critical Reviews in Environmental Science and Technology,6
132,Field Crops Research,6
133,Journal of Pure and Applied Microbiology,6
134,Polish Journal of Environmental Studies,6
135,Journal of Environmental Protection and Ecology,6
136,Colloids and Surfaces B: Biointerfaces,6
137,Journal of Reinforced Plastics and Composites,6
138,Huanjing Kexue/Environmental Science,6
139,Industrial Bioprocessing,6
140,BioCycle,6
141,Polymers and Polymer Composites,6
142,Advances in Polymer Technology,6
143,FEMS Microbiology Letters,6
144,Environmental Technology and Innovation,6
145,Shengwu Gongcheng Xuebao/Chinese Journal of Biotechnology,6
146,Desalination and Water Treatment,5
147,Journal of Chemical Technology and Biotechnology,5
148,Chemical Engineering Transactions,5
149,"Journal of Food, Agriculture and Environment",5
150,Journal of Basic Microbiology,5
151,Polymer - Plastics Technology and Engineering,5
152,Journal of Environmental Science and Health - Part A Toxic/Hazardous Substances and Environmental Engineering,5
153,Macromolecular Materials and Engineering,5
154,"Journal of Environmental Science and Health - Part B Pesticides, Food Contaminants, and Agricultural Wastes",5
155,WIT Transactions on Ecology and the Environment,5
156,Letters in Applied Microbiology,5
157,Progress in Organic Coatings,5
158,Composites Part A: Applied Science and Manufacturing,5
159,Journal of the American Chemical Society,5
160,Materials World,5
161,Journal of Materials Science Letters,5
162,Journal of Bacteriology,5
163,Werkstoffe und Korrosion,5
164,Environmental Challenges,5
165,Biomass Conversion and Biorefinery,5
166,Materials Today: Proceedings,5
167,Environment International,5
168,Proceedings of the National Academy of Sciences of the United States of America,5
169,Science,4
170,Macromolecular Research,4
171,Biotechnology Journal,4
172,Materials Research,4
173,Fibres and Textiles in Eastern Europe,4
174,International Journal of Polymer Science,4
175,Biomedical Materials (Bristol),4
176,Chinese Journal of Applied Ecology,4
177,Journal of Materials Chemistry B,4
178,Journal of Polymer Engineering,4
179,AMB Express,4
180,Chinese Journal of Applied and Environmental Biology,4
181,Advanced Functional Materials,4
182,Journal of Solid Waste Technology and Management,4
183,Journal of Elastomers and Plastics,4
184,Journal of Biobased Materials and Bioenergy,4
185,Revista Internacional de Contaminacion Ambiental,4
186,"JAOCS, Journal of the American Oil Chemists' Society",4
187,Brazilian Journal of Chemical Engineering,4
188,Biomass and Bioenergy,4
189,Journal of Materials Chemistry,4
190,Bioremediation Journal,4
191,International Journal of Polymeric Materials and Polymeric Biomaterials,4
192,Soil Biology and Biochemistry,4
193,Communications in agricultural and applied biological sciences,4
194,Process Biochemistry,4
195,Plastics Engineering,4
196,"Journal of Polymer Science, Part B: Polymer Physics",4
197,International Journal of Systematic and Evolutionary Microbiology,4
198,Aquatic Toxicology,4
199,Journal of Microbiology and Biotechnology,4
200,Journal of periodontology,4
201,Modern Plastics,4
202,Microbial Cell Factories,4
203,Cellulose,4
204,Microbial Ecology,4
205,Bioresource Technology Reports,4
206,Water (Switzerland),4
207,Journal of Materials Research and Technology,4
208,International Journal of Polymer Analysis and Characterization,4
209,Journal of Controlled Release,3
210,Frontiers in Environmental Science,3
211,Tissue Engineering - Part A,3
212,Italian Journal of Agronomy,3
213,Food Chemistry,3
214,Revista Materia,3
215,Acta Horticulturae,3
216,Brazilian Journal of Biology,3
217,Journal of Environmental Biology,3
218,Compost Science and Utilization,3
219,Fibers and Polymers,3
220,Crop Protection,3
221,Applied Clay Science,3
222,International Journal of Environmental Research,3
223,HortTechnology,3
224,Journal of Membrane Science,3
225,International Journal of ChemTech Research,3
226,Journal of Nanoscience and Nanotechnology,3
227,Wood Research,3
228,Journal of Nanomaterials,3
229,Journal of Plastic Film and Sheeting,3
230,Maderas: Ciencia y Tecnologia,3
231,Surface and Coatings Technology,3
232,Reactive and Functional Polymers,3
233,Revista Mexicana de Ingeniera Quimica,3
234,International Journal of Plastics Technology,3
235,Packaging Technology and Science,3
236,Journal of Orthopaedic Research,3
237,Electronic Journal of Biotechnology,3
238,Polimeri,3
239,Asian Journal of Chemistry,3
240,Polymer Science - Series D,3
241,African Journal of Biotechnology,3
242,Plastics Technology,3
243,Journal of Environmental Engineering,3
244,Journal of Industrial Ecology,3
245,Environmental Technology,3
246,Canadian Journal of Chemical Engineering,3
247,Spectrochimica Acta - Part A: Molecular and Biomolecular Spectroscopy,3
248,Ultrasonics Sonochemistry,3
249,Pollution Research,3
250,Nature,3
251,Journal of Food Engineering,3
252,Tissue Engineering,3
253,"Nihon Kikai Gakkai Ronbunshu, C Hen/Transactions of the Japan Society of Mechanical Engineers, Part C",3
254,Soil Science and Plant Nutrition,3
255,Macromolecular Rapid Communications,3
256,Vysokomolekularnye Soedineniya. Ser.A Ser.B Ser.C - Kratkie Soobshcheniya,3
257,Indian Journal of Environmental Protection,3
258,Transactions of the American Society of Agricultural Engineers,3
259,Chemistry in Britain,3
260,Shengwu Yixue Gongchengxue Zazhi/Journal of Biomedical Engineering,3
261,Advanced Materials,3
262,"American Chemical Society, Polymer Preprints, Division of Polymer Chemistry",3
263,Folia Microbiologica,3
264,Journal of Periodontology,3
265,Journal of Clinical Periodontology,3
266,Journal of Fermentation and Bioengineering,3
267,Plastics world,3
268,International Journal of Periodontics and Restorative Dentistry,3
269,Practical periodontics and aesthetic dentistry : PPAD,3
270,Journal of Oral and Maxillofacial Surgery,3
271,Clinical Orthopaedics and Related Research,3
272,Materie plastiche ed elastomeri,3
273,THE PLASTICS INST.,3
274,Textile Research Journal,3
275,Bio-Medical Engineering,3
276,BMC Biotechnology,3
277,Materials Chemistry and Physics,3
278,Biomaterials Science,3
279,Journal of Sustainability Science and Management,3
280,"Environmental Research, Engineering and Management",3
281,Marine Environmental Research,3
282,Biointerface Research in Applied Chemistry,3
283,Polymers from Renewable Resources,3
284,Engineering in Life Sciences,3
285,Kexue Tongbao/Chinese Science Bulletin,3
286,ACS Biomaterials Science and Engineering,3
287,Applied Sciences (Switzerland),3
288,"Bioscience, Biotechnology and Biochemistry",3
289,Materialwissenschaft und Werkstofftechnik,3
290,Applied Environmental Biotechnology,3
291,Waste and Biomass Valorization,2
292,Toxicological and Environmental Chemistry,2
293,"Energy Sources, Part A: Recovery, Utilization and Environmental Effects",2
294,Journal of Adhesion Science and Technology,2
295,"Research Journal of Pharmaceutical, Biological and Chemical Sciences",2
296,Journal of Materials Engineering and Performance,2
297,Chinese Journal of Environmental Engineering,2
298,New Physics: Sae Mulli,2
299,Soil Research,2
300,"Plastics, Rubber and Composites",2
301,Journal of Food Science,2
302,Periodica Polytechnica Chemical Engineering,2
303,Soil and Sediment Contamination,2
304,International Journal of Pharmacy and Technology,2
305,Journal of Environmental Engineering (United States),2
306,Journal of Thermoplastic Composite Materials,2
307,Journal of Environmental Health Science and Engineering,2
308,Advances in Environmental Biology,2
309,Journal of Chemical and Pharmaceutical Research,2
310,International Journal of Pharmaceutical Sciences Review and Research,2
311,Nanoscale,2
312,Biotechnology for Biofuels,2
313,Journal of The Institution of Engineers (India): Series A,2
314,Acta Polymerica Sinica,2
315,Ecological Chemistry and Engineering S,2
316,Research Journal of Biotechnology,2
317,Express Polymer Letters,2
318,BioMed Research International,2
319,International Journal of Environment and Waste Management,2
320,Applied Soil Ecology,2
321,Metabolic Engineering,2
322,Arabian Journal of Chemistry,2
323,Acta Universitatis Agriculturae et Silviculturae Mendelianae Brunensis,2
324,Energy,2
325,Brazilian Archives of Biology and Technology,2
326,Wasser und Abfall,2
327,Materials Technology,2
328,Macromolecular Chemistry and Physics,2
329,Journal of the Air and Waste Management Association,2
330,Aesthetic Surgery Journal,2
331,Electrochimica Acta,2
332,Journal of Scientific and Industrial Research,2
333,Canadian Journal of Microbiology,2
334,Asia-Pacific Journal of Chemical Engineering,2
335,Applied Surface Science,2
336,Soft Matter,2
337,Holzforschung,2
338,Fuel Processing Technology,2
339,Bioprocess and Biosystems Engineering,2
340,"Journal of Macromolecular Science, Part A: Pure and Applied Chemistry",2
341,Precision Engineering,2
342,Polymer Chemistry,2
343,Scientific American,2
344,Biomedical Materials,2
345,Journal of Testing and Evaluation,2
346,Aesthetic Plastic Surgery,2
347,Process Safety and Environmental Protection,2
348,Fuhe Cailiao Xuebao/Acta Materiae Compositae Sinica,2
349,Gongneng Cailiao/Journal of Functional Materials,2
350,Revista Peruana de Biologia,2
351,Biocontrol Science,2
352,Ecological Engineering,2
353,Biotechnology Progress,2
354,Biosensors and Bioelectronics,2
355,Journal of Industrial Microbiology and Biotechnology,2
356,Journal of Analytical and Applied Pyrolysis,2
357,Journal of Clinical Rehabilitative Tissue Engineering Research,2
358,Journal of Environmental Science and Engineering,2
359,Indian Journal of Biotechnology,2
360,Polymers Paint Colour Journal,2
361,Revista de Biologia Tropical,2
362,Cold Regions Science and Technology,2
363,Nature Materials,2
364,Huagong Xuebao/Journal of Chemical Industry and Engineering (China),2
365,ASAIO Journal,2
366,AIChE Journal,2
367,Biofutur,2
368,Environmental Health Perspectives,2
369,"Nihon Kikai Gakkai Ronbunshu, A Hen/Transactions of the Japan Society of Mechanical Engineers, Part A",2
370,Advanced Composites Bulletin,2
371,Chung-kuo Tsao Chih/China Pulp and Paper,2
372,Nonwovens Report International,2
373,International Paper Board Industry,2
374,Microsurgery,2
375,Xiandai Huagong/Modern Chemical Industry,2
376,Cellulose Chemistry and Technology,2
377,Actualite Chimique,2
378,Preparative Biochemistry and Biotechnology,2
379,Journal of the American Leather Chemists Association,2
380,Journal of Macromolecular Science - Physics,2
381,Journal of Chemical Engineering of Japan,2
382,Official Board Markets,2
383,Progress in Rubber and Plastics Technology,2
384,Key Engineering Materials,2
385,Journal of Materials Research,2
386,Polimeri (Zagreb),2
387,Cellular Polymers,2
388,Colloids and Surfaces A: Physicochemical and Engineering Aspects,2
389,Journal of Molecular Catalysis - B Enzymatic,2
390,Materials Performance,2
391,Kobunshi,2
392,Trends in Biotechnology,2
393,Journal of Engineering and Applied Science,2
394,"Gummi, Fasern, Kunststoffe",2
395,Journal of Macromolecular Science - Pure and Applied Chemistry,2
396,Gastrointestinal Endoscopy,2
397,Toxicological & Environmental Chemistry,2
398,Journal of Industrial Microbiology,2
399,Environmental Management,2
400,"Kunststoffe, German plastics",2
401,"Journal of Macromolecular Science, Part A",2
402,Colloid & Polymer Science,2
403,Chinese Journal of Polymer Science (English Edition),2
404,International Biodeterioration,2
405,Documenta Ophthalmologica,2
406,Kunststoffe - German Plastics,2
407,Medical & Biological Engineering & Computing,2
408,Conservation and Recycling,2
409,Orthopedic Clinics of North America,2
410,SPE Reg Tech Conf Tech Pap,2
411,Environmental health perspectives,2
412,Society for Applied Bacteriology symposium series,2
413,Egyptian Journal of Chemistry,2
414,Environmental Science and Policy,2
415,Environments - MDPI,2
416,Current Pharmaceutical Biotechnology,2
417,"Proteins: Structure, Function and Bioinformatics",2
418,Food Hydrocolloids,2
419,Agriculture (Switzerland),2
420,iScience,2
421,ChemSusChem,2
422,Biology and Fertility of Soils,2
423,Journal of Industrial and Engineering Chemistry,2
424,mSystems,2
425,Frontiers in Marine Science,2
426,Biomolecules,2
427,Results in Engineering,2
428,Nordic Pulp and Paper Research Journal,2
429,MicrobiologyOpen,2
430,Environmental Science: Processes and Impacts,2
431,Energies,2
432,Inorganic and Nano-Metal Chemistry,2
433,Foods and Raw Materials,2
434,Journal of Applied Biology and Biotechnology,2
435,Huagong Xuebao/CIESC Journal,2
436,Acta Geotechnica,2
437,Computational and Structural Biotechnology Journal,2
438,Geomicrobiology Journal,2
439,Yantu Gongcheng Xuebao/Chinese Journal of Geotechnical Engineering,2
440,Bioactive Materials,2
441,Agricultural and Forest Meteorology,2
442,Soil and Tillage Research,2
443,Environmental Progress and Sustainable Energy,2
444,PeerJ,2
445,Journal of Chemical Information and Modeling,2
446,Processes,2
447,Journal of Microbiological Methods,2
448,Archives of Environmental Protection,2
449,Theoretical and Applied Ecology,2
450,Physical Sciences Reviews,2
451,Chemical and Biochemical Engineering Quarterly,2
452,Walailak Journal of Science and Technology,2
453,Journal of Entomological Research,2
454,Materialia,2
455,Aquaculture,2
456,Frontiers in Materials,2
457,"Agriculture, Ecosystems and Environment",2
458,Journal of Applied Biomaterials and Functional Materials,2
459,Materials Research Express,2
460,Journal of Chemical Technology and Metallurgy,2
461,ACS Omega,2
462,Advanced Healthcare Materials,2
463,International Journal of Engineering and Technology(UAE),2
464,Microbes and Environments,2
465,BMC Research Notes,1
466,Gaodeng Xuexiao Huaxue Xuebao/Chemical Journal of Chinese Universities,1
467,Journal of Alloys and Compounds,1
468,Journal of Building Engineering,1
469,"Clean - Soil, Air, Water",1
470,BMC Musculoskeletal Disorders,1
471,Brazilian Journal of Microbiology,1
472,Journal of Surface Investigation,1
473,Composite Structures,1
474,Nanomedicine,1
475,Animal Behaviour,1
476,Arthroscopy - Journal of Arthroscopic and Related Surgery,1
477,Journal of Oleo Science,1
478,Materials Science in Semiconductor Processing,1
479,Digital journal of ophthalmology : DJO,1
480,Advances in Systems Science and Applications,1
481,Advances in Materials Science and Engineering,1
482,International Journal of Agricultural and Biological Engineering,1
483,Science China Technological Sciences,1
484,Biochemistry Research International,1
485,Applied Sciences,1
486,Applied Spectroscopy,1
487,EnvironmentAsia,1
488,Bioresources and Bioprocessing,1
489,Environment Systems and Decisions,1
490,Journal of Chemical Education,1
491,E-Polymers,1
492,Clean Technologies and Environmental Policy,1
493,Green Chemistry Letters and Reviews,1
494,Marine Chemistry,1
495,Journal of Biomechanics,1
496,"Environment, Development and Sustainability",1
497,Journal fur Kulturpflanzen,1
498,Medical Physics,1
499,International Journal of Geomechanics,1
500,Reviews in Chemical Engineering,1
501,ChemBioChem,1
502,Environmental Science and Engineering (Subseries: Environmental Science),1
503,Jundishapur Journal of Microbiology,1
504,Horticultural Science,1
505,Indian Journal of Engineering and Materials Sciences,1
506,Advances in Applied Microbiology,1
507,European Review for Medical and Pharmacological Sciences,1
508,Pakistan Journal of Zoology,1
509,Journal of Spectroscopy,1
510,SpringerPlus,1
511,Journal of Contaminant Hydrology,1
512,Acta Crystallographica Section F: Structural Biology Communications,1
513,Fisheries Science,1
514,Tissue Engineering and Regenerative Medicine,1
515,BMC Genomics,1
516,Engineering Geology,1
517,Journal of the Korean Wood Science and Technology,1
518,Scientific World Journal,1
519,Bio-medical materials and engineering,1
520,Biomatter,1
521,Polymer Science - Series A,1
522,Advanced Materials Research,1
523,Journal of Environmental Studies,1
524,Sains Malaysiana,1
525,International Journal of Precision Engineering and Manufacturing,1
526,Defect and Diffusion Forum,1
527,Food and Bioprocess Technology,1
528,Romanian Biotechnological Letters,1
529,Seminars in Pediatric Surgery,1
530,Food Additives and Contaminants - Part A,1
531,Journal of Materials Processing Technology,1
532,Journal of Materials and Environmental Science,1
533,Journal of Applied Oral Science,1
534,Defence Science Journal,1
535,Journal of Great Lakes Research,1
536,Electronic Journal of Geotechnical Engineering,1
537,Agroecology and Sustainable Food Systems,1
538,World Journal of Gastroenterology,1
539,Journal of Engineered Fibers and Fabrics,1
540,Journal of Renewable Materials,1
541,Likars'ka sprava / Ministerstvo okhorony zdorov'ia Ukraïny,1
542,Energy and Environmental Science,1
543,"Journal of Plastic, Reconstructive and Aesthetic Surgery",1
544,Korean Journal of Microbiology,1
545,Talanta,1
546,Journal of Materials Chemistry A,1
547,Ionics,1
548,Environmental technology,1
549,Applied Ecology and Environmental Research,1
550,Scientia Iranica,1
551,Annual Review of Chemical and Biomolecular Engineering,1
552,Advances in Mechanical Engineering,1
553,Connective Tissue Research,1
554,Annals of Biology,1
555,Accounts of Chemical Research,1
556,Agronomy for Sustainable Development,1
557,Iranian Journal of Environmental Health Science and Engineering,1
558,Indian Journal of Microbiology,1
559,Applied Catalysis B: Environmental,1
560,Journal of Agronomy and Crop Science,1
561,Asian Journal of Scientific Research,1
562,Journal of Surfactants and Detergents,1
563,Indian Journal of Experimental Biology,1
564,Biotechnology Advances,1
565,BMC Gastroenterology,1
566,Dongnan Daxue Xuebao (Ziran Kexue Ban)/Journal of Southeast University (Natural Science Edition),1
567,Indian Concrete Journal,1
568,International Journal of Sustainable Engineering,1
569,Progress in molecular and subcellular biology,1
570,International Journal of Environmental Technology and Management,1
571,Waterlines,1
572,"Journal of Hazardous, Toxic, and Radioactive Waste",1
573,Journal of Microbial and Biochemical Technology,1
574,Emballage Digest,1
575,Leather and Footwear Journal,1
576,Journal of Chemical and Engineering Data,1
577,American Journal of Orthodontics and Dentofacial Orthopedics,1
578,Soft Materials,1
579,Journal of Applied Sciences,1
580,Mathematics and Mechanics of Solids,1
581,Journal of Water Supply: Research and Technology - AQUA,1
582,Archives of Materials Science and Engineering,1
583,International Journal of Environmental Studies,1
584,Marine Technology Society Journal,1
585,Colloid and Polymer Science,1
586,Pure and Applied Chemistry,1
587,Rocznik Ochrona Srodowiska,1
588,Asian Pacific Journal of Tropical Biomedicine,1
589,Turkish Journal of Biology,1
590,Energy Engineering: Journal of the Association of Energy Engineering,1
591,"Acta Universitatis Carolinae, Environmentalica",1
592,Journal of Packaging Science and Technology,1
593,Materials and Corrosion,1
594,Tissue Engineering - Part C: Methods,1
595,Innovative Food Science and Emerging Technologies,1
596,Canadian Journal of Plant Science,1
597,"UPB Scientific Bulletin, Series B: Chemistry and Materials Science",1
598,"Biomedical Engineering - Applications, Basis and Communications",1
599,Journal of Pharmaceutical Sciences and Research,1
600,Weed Technology,1
601,Journal of Physical Chemistry C,1
602,International Journal of Material Forming,1
603,Thermochimica Acta,1
604,Journal of Environmental Science and Technology,1
605,"Iranian Journal of Science and Technology, Transaction B: Engineering",1
606,Journal of Visualized Experiments,1
607,Water Science and Technology: Water Supply,1
608,Polish Journal of Chemical Technology,1
609,Revista Brasileira de Engenharia Agricola e Ambiental,1
610,Journal of Chromatography A,1
611,Nippon Suisan Gakkaishi (Japanese Edition),1
612,Revista de la Facultad de Ingenieria,1
613,Journal of Water and Health,1
614,International Journal of Agriculture and Biology,1
615,Carbohydrate Research,1
616,"World Academy of Science, Engineering and Technology",1
617,Cerne,1
618,Pigment & Resin Technology,1
619,Journal of Electroanalytical Chemistry,1
620,European Journal of Wood and Wood Products,1
621,Philosophical Transactions of the Royal Society B: Biological Sciences,1
622,Canadian Journal of Civil Engineering,1
623,Human and Ecological Risk Assessment,1
624,Journal of Mass Spectrometry,1
625,European Coatings Journal,1
626,Biomedical Microdevices,1
627,Tribology and Lubrication Technology,1
628,Modern Plastics Worldwide,1
629,Thin Solid Films,1
630,"Practice Periodical of Hazardous, Toxic, and Radioactive Waste Management",1
631,TrAC - Trends in Analytical Chemistry,1
632,Journal of Materials in Civil Engineering,1
633,Nanotechnology,1
634,Coating International,1
635,Shanghai Jiaotong Daxue Xuebao/Journal of Shanghai Jiaotong University,1
636,Communications in Soil Science and Plant Analysis,1
637,Journal of the American Mosquito Control Association,1
638,Water Quality Research Journal of Canada,1
639,Zhongguo xiu fu chong jian wai ke za zhi = Zhongguo xiufu chongjian waike zazhi = Chinese journal of reparative and reconstructive surgery,1
640,"Progress in Rubber, Plastics and Recycling Technology",1
641,Annals of Microbiology,1
642,Journal of Tissue Engineering and Regenerative Medicine,1
643,Journal of Environmental Sciences,1
644,Chemical Record,1
645,Industrial Biotechnology,1
646,Machine Design,1
647,Desalination,1
648,Ingenieria Quimica,1
649,Critical Reviews in Food Science and Nutrition,1
650,Journal of South American Earth Sciences,1
651,Journal of Nanostructured Polymers and Nanocomposites,1
652,Techniques - Sciences - Methodes,1
653,"Annals of Otology, Rhinology and Laryngology",1
654,Food Reviews International,1
655,Chemical Week,1
656,Investigative Ophthalmology and Visual Science,1
657,DWI Reports,1
658,Journal of Microelectromechanical Systems,1
659,Physica B: Condensed Matter,1
660,Forest Products Journal,1
661,IEEJ Transactions on Fundamentals and Materials,1
662,Cailiao Kexue yu Gongyi/Material Science and Technology,1
663,Packaging News,1
664,Nature Biotechnology,1
665,International Journal of Environmental Analytical Chemistry,1
666,Materials Science- Poland,1
667,Vacuum,1
668,Mycorrhiza,1
669,Arab Gulf Journal of Scientific Research,1
670,Chemical Engineering World,1
671,Journal of the National Science Foundation of Sri Lanka,1
672,Arbor,1
673,Quimica Nova,1
674,Trends in Biomaterials and Artificial Organs,1
675,Designed Monomers and Polymers,1
676,LWT,1
677,Fluid Phase Equilibria,1
678,Materials Science and Engineering A,1
679,IPPTA: Quarterly Journal of Indian Pulp and Paper Technical Association,1
680,Molecular Microbiology,1
681,Applied Physics A: Materials Science and Processing,1
682,NCASI Technical Bulletin,1
683,Food Biotechnology,1
684,Aufbereitungs-Technik/Mineral Processing,1
685,"Plastics, Additives and Compounding",1
686,Journal of Craniofacial Surgery,1
687,Molecular Crystals and Liquid Crystals,1
688,Tecnologia del Agua,1
689,Advanced Composite Materials: The Official Journal of the Japan Society of Composite Materials,1
690,Concrete (London),1
691,Acta Chimica Slovenica,1
692,Advanced Engineering Materials,1
693,Polski Przeglad Chirurgiczny,1
694,Environmental Health: A Global Access Science Source,1
695,Chinese Journal of Biomedical Engineering,1
696,Pest Management Science,1
697,Melliand Textilberichte,1
698,"Journal of Waterway, Port, Coastal and Ocean Engineering",1
699,Journal of the Science of Food and Agriculture,1
700,"Doklady biological sciences : proceedings of the Academy of Sciences of the USSR, Biological sciences sections / translated from Russian",1
701,Journal of the Institute of Brewing,1
702,Shock and Vibration,1
703,Solid State Nuclear Magnetic Resonance,1
704,Zhongguo Zaozhi Xuebao/Transactions of China Pulp and Paper,1
705,EMBO Reports,1
706,Journal of Macromolecular Science - Polymer Reviews,1
707,Advances in Environmental Research,1
708,"Iranian Journal of Science and Technology, Transaction B: Technology",1
709,Contact Lens and Anterior Eye,1
710,Erwerbsobstbau,1
711,Process Engineering (London),1
712,Chemistry & biology,1
713,Prikladnaia biokhimiia i mikrobiologiia,1
714,Materials Characterization,1
715,Journal of Basic and Clinical Physiology and Pharmacology,1
716,Journal of Plastic Film & Sheeting,1
717,Seni Kikai Gakkai Shi/Journal of the Textile Machinery Society of Japan,1
718,Bioconjugate Chemistry,1
719,"Huan jing ke xue= Huanjing kexue / [bian ji, Zhongguo ke xue yuan huan jing ke xue wei yuan hui ""Huan jing ke xue"" bian ji wei yuan hui.]",1
720,Yuki Gosei Kagaku Kyokaishi/Journal of Synthetic Organic Chemistry,1
721,Journal of Geotechnical and Geoenvironmental Engineering,1
722,"Journal of the Faculty of Agriculture, Kyushu University",1
723,International Sugar Journal,1
724,Journal of Insect Biotechnology and Sericology,1
725,Operative Techniques in Plastic and Reconstructive Surgery,1
726,Water Environment and Technology,1
727,Nippon Shokuhin Kagaku Kogaku Kaishi,1
728,Lubrication Science,1
729,Seibutsu-kogaku Kaishi,1
730,Fujitsu Scientific and Technical Journal,1
731,Applied Biochemistry and Biotechnology - Part A Enzyme Engineering and Biotechnology,1
732,Doktorsavhandlingar vid Chalmers Tekniska Hogskola,1
733,Bone,1
734,Angewandte Chemie - International Edition,1
735,Composites - Part A: Applied Science and Manufacturing,1
736,Jingxi Huagong/Fine Chemicals,1
737,Recycled Paper News,1
738,Nippon Kagaku Kaishi / Chemical Society of Japan - Chemistry and Industrial Chemistry Journal,1
739,Practical procedures & aesthetic dentistry : PPAD,1
740,International Journal of Mineral Processing,1
741,Postepy Mikrobiologii,1
742,Microbiology,1
743,International Polymer Processing,1
744,Journal of Bone and Joint Surgery,1
745,American Journal of Surgery,1
746,The Journal of bone and joint surgery. American volume,1
747,Chemical Fibers International,1
748,Przeglad Papierniczy,1
749,Applied Engineering in Agriculture,1
750,Wuhan Daxue Xuebao/Journal of Wuhan University,1
751,Langmuir,1
752,Journal of Micromechanics and Microengineering,1
753,"Kami,Parupu Gijutsu Taimusu/Japanese Journal of Paper Technology",1
754,Journal of the Ceramic Society of Japan,1
755,Chromatographia,1
756,CLB Chemie in Labor und Biotechnik,1
757,MRS Bulletin,1
758,Cereal Chemistry,1
759,Proceedings of the IEEE Micro Electro Mechanical Systems (MEMS),1
760,Pedobiologia,1
761,"International Textile Bulletin: Nonwovens, Industrial Textiles",1
762,Oxidation Communications,1
763,Journal of Biological Chemistry,1
764,Urologe - Ausgabe A,1
765,Indian Journal of Chemistry - Section B Organic and Medicinal Chemistry,1
766,Journal of Macromolecular Science - Reviews in Macromolecular Chemistry and Physics,1
767,"Artificial Cells, Blood Substitutes, and Immobilization Biotechnology",1
768,Microbiology and Molecular Biology Reviews,1
769,Artificial Organs,1
770,Journal of Fiber Science and Technology,1
771,Sulzer Technical Review,1
772,Canadian Packaging,1
773,Reviews of Environmental Contamination and Toxicology,1
774,Journal of Photopolymer Science and Technology,1
775,Journal of Dong Hua University (English Edition),1
776,Dalian Ligong Daxue Xuebao/Journal of Dalian University of Technology,1
777,International Journal of Oral and Maxillofacial Implants,1
778,Journal of Sol-Gel Science and Technology,1
779,Progress in Polymer Science (Oxford),1
780,International Journal of Adhesion and Adhesives,1
781,Journal of Composites Technology and Research,1
782,American Journal of Rhinology,1
783,"American Society of Mechanical Engineers, Bioengineering Division (Publication) BED",1
784,International Surgery,1
785,Chemist,1
786,Koks i Khimiya,1
787,British Journal of Urology,1
788,"Nippon Kikai Gakkai Ronbunshu, C Hen/Transactions of the Japan Society of Mechanical Engineers, Part C",1
789,Roczniki Państwowego Zakładu Higieny,1
790,Hecheng Shuzhi Ji Suliao/China Synthetic Resin and Plastics,1
791,Handchirurgie Mikrochirurgie Plastische Chirurgie,1
792,Sen'i Gakkaishi,1
793,Journal of Coastal Conservation,1
794,Fresenius' Journal of Analytical Chemistry,1
795,Seimitsu Kogaku Kaishi/Journal of the Japan Society for Precision Engineering,1
796,Applied Mathematical Modelling,1
797,Journal of Endodontics,1
798,Tappi journal,1
799,EE: Evaluation Engineering,1
800,Journal of Scientific & Industrial Research,1
801,Technological Forecasting and Social Change,1
802,FEMS Microbiology Reviews,1
803,Bio/Technology,1
804,International Journal of Materials and Product Technology,1
805,Progress in rubber and plastics technology,1
806,Kemija u industriji/Journal of Chemists and Chemical Engineers,1
807,Plasticheskie Massy: Sintez Svojstva Pererabotka Primenenie,1
808,The Journal of General and Applied Microbiology,1
809,Combustion and Flame,1
810,Journal of Oral Rehabilitation,1
811,Journal of Microencapsulation,1
812,Environmental Toxicology and Water Quality,1
813,Advanced Drug Delivery Reviews,1
814,Annales Chirurgiae et Gynaecologiae,1
815,Polar Biology,1
816,American biotechnology laboratory,1
817,Air and Waste,1
818,"Biomaterials, Artificial Cells and Immobilization Biotechnology",1
819,Scanning Microscopy,1
820,Micron,1
821,Bulletin of the National Institute of Hygienic Sciences,1
822,Sumitomo Metals,1
823,Polymer Engineering & Science,1
824,Starch ‐ Stärke,1
825,KOBUNSHI RONBUNSHU,1
826,Textile Chemist and Colorist,1
827,Chemie Ingenieur Technik,1
828,Journal of Polymer Science Part A: Polymer Chemistry,1
829,GWF WASSER-ABWASSER,1
830,Iranian journal of polymer science & technology,1
831,Polymer networks & blends,1
832,ASAIO Transactions,1
833,Journal of Environmental Health,1
834,Journal of applied biomaterials,1
835,The Journal of oral implantology,1
836,Public Works,1
837,Erdoel Erdgas Kohle/EKEP,1
838,Polymer-Plastics Technology and Engineering,1
839,British Polymer Journal,1
840,Unfallchirurg,1
841,Experimental & Applied Acarology,1
842,Chirurgie Pediatrique,1
843,Plastics Compounding,1
844,Chemical Engineering Progress,1
845,Nuclear Engineering International,1
846,Polymer communications Guildford,1
847,British Journal of Plastic Surgery,1
848,PLAST. ENG.,1
849,GWF WASSER ABWASSER,1
850,Bioscience Reports,1
851,MEDED. FAK. LANDBOUWWET. R. U. GENT,1
852,Waste Age,1
853,"Kautschuk und Gummi, Kunststoffe",1
854,"Science of the Total Environment, The",1
855,"Bulletin des societes d""ophtalmologie de France",1
856,Journal of the Water Pollution Control Federation,1
857,"Journal of Polymer Science, Part C: Polymer Letters",1
858,Surveyor,1
859,Mitteilung - Deutsche Forschungs- und Versuchsanstalt fuer Luft- und Raumfahrt,1
860,Journal of Steroid Biochemistry,1
861,TNO PROJECT,1
862,Polymer Science U.S.S.R.,1
863,National safety news,1
864,Journal of Vinyl Technology,1
865,Zeitschrift fur Wasser und Abwasser Forschung,1
866,TECHNOCRAT,1
867,Aquacultural Engineering,1
868,Chemical and Pharmaceutical Bulletin,1
869,Plastics compounding,1
870,Gigiena i sanitariia,1
871,Materials engineering,1
872,Industrial and Engineering Chemistry Product Research and Development,1
873,Biomedizinische Technik,1
874,INT. POLYMER SCI. TECHNOL.,1
875,Muanyag Es Gumi/Plastics and Rubber,1
876,MUELL ABFALL,1
877,Plast Mod Elastomeres,1
878,Plaste Kautsch,1
879,Resource Recovery and Conservation,1
880,Plastverarbeiter,1
881,"Biomaterials, Medical Devices, and Artificial Organs",1
882,International Journal of Dairy Technology,1
883,Technology: Journal of the Franklin Institute,1
884,PLAST.POLYMERS,1
885,PROC.INST.ENVIRONMENT.SCI.,1
886,ANN ARBOR SCI.PUBL.INC.,1
887,ALIMENT.VIE,1
888,Mater Eng,1
889,Package Eng,1
890,Verpackungs - Rundschau,1
891,Am Chem Soc Div Org Coatings Plast Chem Prepr,1
892,BELG.PLAST.,1
893,POLYMER AGE,1
894,Archives of Dermatology,1
895,Europlastics,1
896,Journal of Applied Bacteriology,1
897,Mater Plast Elastomeri,1
898,Polish medical journal,1
899,"Zentralblatt fur Bakteriologie, Parasitenkunde, Infektionskrankheiten und Hygiene. Zweite naturwissenschaftliche Abt.: Allgemeine, landwirtschaftliche und technische Mikrobiologie",1
900,Transactions of the American Ophthalmological Society,1
901,Royal Society of Health journal,1
902,Diseases of the chest,1
903,Advances in Environmental Technology,1
904,Ain Shams Engineering Journal,1
905,Environment and Natural Resources Journal,1
906,Journal of King Saud University - Science,1
907,Sheng wu gong cheng xue bao = Chinese journal of biotechnology,1
908,Klinicheskaia laboratornaia diagnostika,1
909,Journal of Food Processing and Preservation,1
910,Physical Mesomechanics,1
911,Journal of Energy Storage,1
912,Biochimica et Biophysica Acta - Biomembranes,1
913,Journal of Resources and Ecology,1
914,Fermentation,1
915,Irrigation Science,1
916,"Resources, Conservation and Recycling Advances",1
917,Land Degradation and Development,1
918,Journal of Materials Science and Technology,1
919,Journal of Colloid and Interface Science,1
920,Renewable Agriculture and Food Systems,1
921,Symbiosis,1
922,"Journal of Microbiology, Biotechnology and Food Sciences",1
923,Eurasian Soil Science,1
924,Geotextiles and Geomembranes,1
925,Frontiers in Sustainable Food Systems,1
926,ACS Synthetic Biology,1
927,Pollution,1
928,Letters in Organic Chemistry,1
929,Environmental Processes,1
930,Zhongguo Jiguang/Chinese Journal of Lasers,1
931,Biomaterials Advances,1
932,Pedosphere,1
933,International Journal of Nanomedicine,1
934,Horticulture Environment and Biotechnology,1
935,AACL Bioflux,1
936,Ceramics International,1
937,Ecological Engineering and Environmental Technology,1
938,"Artificial Cells, Nanomedicine and Biotechnology",1
939,Microbial Genomics,1
940,Nature Chemistry,1
941,International Journal of Global Warming,1
942,Revista Virtual de Quimica,1
943,Database,1
944,Journal of Food Science and Technology,1
945,Chiang Mai University Journal of Natural Sciences,1
946,Huanan Ligong Daxue Xuebao/Journal of South China University of Technology (Natural Science),1
947,IIUM Engineering Journal,1
948,Catalysts,1
949,Nanotechnology Reviews,1
950,Chemie-Ingenieur-Technik,1
951,Chinese Optics Letters,1
952,Chemistry (Switzerland),1
953,Microbiology Spectrum,1
954,Recycling,1
955,Journal of Water Process Engineering,1
956,Environmental Sciences Europe,1
957,Biomaterials Research,1
958,Microbiome,1
959,Communications Chemistry,1
960,Journal of Forestry Engineering,1
961,Journal of Hazardous Materials Letters,1
962,Materials Today Sustainability,1
963,Physical Chemistry Chemical Physics,1
964,Chemical Communications,1
965,New Journal of Chemistry,1
966,mBio,1
967,International Journal of Design and Nature and Ecodynamics,1
968,Journal of Catalysis,1
969,Analytical Methods in Environmental Chemistry Journal,1
970,ChemistrySelect,1
971,Journal of Microbiology and Biology Education,1
972,PLoS Biology,1
973,Advanced Sustainable Systems,1
974,Materials Today Communications,1
975,Journal of Irrigation and Drainage Engineering,1
976,Journal of Fungi,1
977,FEBS Journal,1
978,International Journal of Civil Engineering,1
979,DYNA (Colombia),1
980,Crystals,1
981,Dongbei Daxue Xuebao/Journal of Northeastern University,1
982,Fangzhi Xuebao/Journal of Textile Research,1
983,Tropical Journal of Natural Product Research,1
984,Methods and Protocols,1
985,Bulletin of Materials Science,1
986,Nature Chemical Biology,1
987,Acta Metallurgica Sinica (English Letters),1
988,Environmental Geotechnics,1
989,Frontiers in Energy Research,1
990,Chemometrics and Intelligent Laboratory Systems,1
991,Corrosion Science,1
992,Bulletin of the Polish Academy of Sciences: Technical Sciences,1
993,IEEE Robotics and Automation Letters,1
994,Chinese Journal of Chemical Engineering,1
995,Iranian Journal of Biotechnology,1
996,Vegetos,1
997,Saudi Journal of Biological Sciences,1
998,ISME Journal,1
999,Human Cell,1
1000,Rare Metals,1
1001,Environmental Earth Sciences,1
1002,Regional Studies in Marine Science,1
1003,Water and Environment Journal,1
1004,Ilmu Kelautan: Indonesian Journal of Marine Sciences,1
1005,High Temperature Material Processes,1
1006,Journal of Siberian Federal University - Biology,1
1007,Ecologia Balkanica,1
1008,Environmental Quality Management,1
1009,South African Journal of Science,1
1010,Moroccan Journal of Chemistry,1
1011,Biodiversitas,1
1012,Revista Mexicana de Ciencias Forestales,1
1013,Toxicology Reports,1
1014,Industria Textila,1
1015,Engineering and Applied Science Research,1
1016,Acta Pedologica Sinica,1
1017,Shengtai Xuebao,1
1018,Mycobiology,1
1019,Journal of Bioresources and Bioproducts,1
1020,Pakistan Journal of Botany,1
1021,Current Drug Targets,1
1022,Current Research in Environmental and Applied Mycology,1
1023,Biology Methods and Protocols,1
1024,Global Journal of Environmental Science and Management,1
1025,Journal of Crop Improvement,1
1026,Proteomics,1
1027,Geoderma,1
1028,International Microbiology,1
1029,European Journal of Environmental Sciences,1
1030,Eurasian Chemical Communications,1
1031,Russian Journal of Ecology,1
1032,Environmental Microbiology Reports,1
1033,Algal Research,1
1034,International Journal of Life Cycle Assessment,1
1035,CardioVascular and Interventional Radiology,1
1036,International Journal of Recycling of Organic Waste in Agriculture,1
1037,Journal of Arid Land,1
1038,Environmental and Climate Technologies,1
1039,Remediation,1
1040,Advanced Materials Interfaces,1
1041,Current Microbiology,1
1042,International Journal of Research in Pharmaceutical Sciences,1
1043,Mexican Journal of Biotechnology,1
1044,Heliyon,1
1045,Cardiovascular Intervention and Therapeutics,1
1046,Powder Technology,1
1047,Indian Journal of Ecology,1
1048,Weed Research,1
1049,Asian Journal of Agriculture and Biology,1
1050,Agronomy,1
1051,Groundwater for Sustainable Development,1
1052,Biochemistry,1
1053,Geotechnik,1
1054,Analytica Chimica Acta,1
1055,Emerging Materials Research,1
1056,Polymer-Plastics Technology and Materials,1
1057,Biofouling,1
1058,Anaerobe,1
1059,Chemistry of Materials,1
1060,BMC Microbiology,1
1061,Supply Chain Forum,1
1062,Nanotechnologies in Construction,1
1063,Acta Microbiologica Bulgarica,1
1064,mSphere,1
1065,Medycyna Pracy,1
1066,Nova Biotechnologica et Chimica,1
1067,Indonesian Journal of Chemistry,1
1068,Materials Physics and Mechanics,1
1069,Food Processing: Techniques and Technology,1
1070,MRS Advances,1
1071,Research in Agricultural Engineering,1
1072,Ethnos,1
1073,Polish Journal of Food and Nutrition Sciences,1
1074,Materiale Plastice,1
1075,Detritus,1
1076,Recent Patents on Biotechnology,1
1077,ZooKeys,1
1078,Marine Biological Journal,1
1079,U.Porto Journal of Engineering,1
1080,"Wiadomosci lekarskie (Warsaw, Poland : 1960)",1
1081,Biocatalysis and Biotransformation,1
1082,Natural Products Journal,1
1083,Advances in Microbial Physiology,1
1084,Recent Innovations in Chemical Engineering,1
1085,Analytical Chemistry,1
1086,Journal of Environmental Management and Tourism,1
1087,Coloration Technology,1
1088,Food Packaging and Shelf Life,1
1089,Journal of Petroleum Science and Engineering,1
1090,International Journal of Engineering and Advanced Technology,1
1091,"Nanomedicine: Nanotechnology, Biology, and Medicine",1
1092,ACS Applied Bio Materials,1
1093,Atmospheric Environment,1
1094,International Journal of Recent Technology and Engineering,1
1095,Current Directions in Biomedical Engineering,1
1096,International Journal of Innovative Technology and Exploring Engineering,1
1097,Current Trends in Biotechnology and Pharmacy,1
1098,SN Applied Sciences,1
1099,Ecological Indicators,1
1100,Journal of Physiology,1
1101,Research on Crops,1
1102,Foods,1
1103,Applied Nanoscience (Switzerland),1
1104,Global Ecology and Biogeography,1
1105,Chemical Physics Letters,1
1106,"Antonie van Leeuwenhoek, International Journal of General and Molecular Microbiology",1
1107,High Pressure Research,1
1108,Aquaculture Research,1
1109,Journal of Composites Science,1
1110,Malaysian Applied Biology,1
1111,Grass and Forage Science,1
1112,Fuel,1
1113,Protein Expression and Purification,1
1114,Cell Reports,1
1115,Environmental Geochemistry and Health,1
1116,Food Research International,1
1117,Strength of Materials,1
1118,Anthropocene Coasts,1
1119,Database : the journal of biological databases and curation,1
1120,Turkish Journal of Biochemistry,1
1121,Gazi University Journal of Science,1
1122,International Journal of GEOMATE,1
1123,Chimia,1
1124,Archives of Metallurgy and Materials,1
1125,International journal of online and biomedical engineering,1
1126,Materialpruefung/Materials Testing,1
1127,Journal of Lipid Research,1
1128,Advanced Composite Materials,1
1129,International Journal of Engineering Research in Africa,1
1130,Ecology and Industry of Russia,1
1131,Chinese Journal of Eco-Agriculture,1
1132,Biocatalysis and Agricultural Biotechnology,1
1133,ACS Applied Nano Materials,1
1134,ICES Journal of Marine Science,1
1135,"Sensors and Actuators, B: Chemical",1
1136,Journal of Physical Chemistry B,1
1137,Huanjing Kexue Xuebao/Acta Scientiae Circumstantiae,1
1138,Radiation Effects and Defects in Solids,1
1139,"Journal of Macromolecular Science, Part B: Physics",1
1140,Experimental and Applied Acarology,1
1141,Chemistry - A European Journal,1
1142,Applied Energy,1
1143,Journal of Photochemistry and Photobiology B: Biology,1
1144,Science Advances,1
1145,Zhongguo Huanjing Kexue/China Environmental Science,1
1146,Drug Development and Industrial Pharmacy,1
1147,Drug Invention Today,1
1148,Revista de Chimie,1
1149,Journal of Environmental Sciences (China),1
1150,Biophysical Journal,1
1151,Advances in Natural Sciences: Nanoscience and Nanotechnology,1
1152,Journal of Hydrology,1
1153,Applied Materials Today,1
1154,International Journal of Food Properties,1
1155,International Journal of Modern Manufacturing Technologies,1
1156,Journal of AOAC International,1
1157,Angiologiia i sosudistaia khirurgiia = Angiology and vascular surgery,1
1158,Mechanics of Composite Materials,1
1159,Genome Biology and Evolution,1
1160,Analytical and Bioanalytical Chemistry,1
1161,Journal of Applied Animal Research,1
1162,Mycosphere,1
1163,Philippine Agricultural Scientist,1
1164,Surface Innovations,1
1165,Journal of Coatings Technology and Research,1
1166,New Forests,1
1167,Journal of Cave and Karst Studies,1
1168,Journal of the Brazilian Chemical Society,1
1169,Journal of Wood Science,1
1170,Advanced Science Letters,1
1171,Journal of the Taiwan Institute of Chemical Engineers,1
1172,Frontiers of Environmental Science and Engineering,1
1173,Journal of Non-Crystalline Solids,1
1174,Lekar a Technika,1
1175,Malaysian Journal of Microbiology,1
1176,Eastern-European Journal of Enterprise Technologies,1
1177,Scientific Review Engineering and Environmental Sciences,1
